nodes,ranks,threads,nx,nz,steps,total_time,time_per_step,avg_comm_per_step,avg_compute_per_step,comm_fraction,throughput_mcells_s,mpi_thread_level,use_gpu
1,4,8,2048,1024,200,0.92,0.0046,0.0007,0.0037,0.152,455.6,3,1
2,8,8,2048,1024,200,0.51,0.0026,0.0005,0.0021,0.192,807.2,3,1
4,16,8,2048,1024,200,0.30,0.0015,0.0004,0.0011,0.267,1399.5,3,1
8,32,8,2048,1024,200,0.19,0.00095,0.00035,0.00060,0.368,2208.4,3,1
